start (sec), finish (sec), current (amps)
200, 259, 2.997281481666666
610, 639, 7.010376206666668
950, 959, 1.9828055600000003
