start (sec), finish (sec), current (amps)
310, 339, 5.3350839400000005
550, 559, 4.145316719999999
