start (sec), finish (sec), current (amps)
210, 239, 6.272482859999998
950, 959, 4.00454668
