start (sec), finish (sec), current (amps)
100, 139, 3.328433585
210, 239, 6.618978940000001
950, 959, 3.9613884300000004
