start (sec), finish (sec), current (amps)
250, 359, 9.001416831818178 ***Current Exceeded***
650, 759, 4.005678492727275
