start (sec), finish (sec), current (amps)
100, 139, 5.247217137500002
210, 239, 9.012341483333335 ***Current Exceeded***
950, 959, 3.9679236500000004
